,cfe,intercept,vz
0,,-1.5315143829381164,
1,-1.439697280267049,-1.0838098991221967,
2,-1.431784437866669,-1.0868391049906387,-0.0005441098418882467
