,Rcyl,intercept
0,,-1.5315143829381288
1,0.48033443472768056,-3.0918691226780353
