,TErate,MSEtest
0,0.17777222152769095,0.14502714076914325
1,0.16127015876984624,0.1162595661073165
